name,city,postal_code
Evie Godfrey van Alemannië-Smits,Benningbroek,1808 KR
Rosa Kuipers,Jetlaan 816,8779 EM
Azra de Grunt,Oss,4893 FF
Dani Rijcken,Nadiaring 992,6189 BM
Esmee Wipstrik,Overveen,7766 ZG
Pieter van Dommelen,Heeze,7245 NT
Emir Breugelensis,Terherne,2764 NQ
Thijs Gruijl,Mustafaweg 488,9748 BY
Phileine Huurdeman,Sonnega,1849 ZL
Azra Claesner,Aliciaring 665,9673 IW
Luka Honing-Velderman,Michaelpad 580,8046 PC
Joris Eelman,Hengelo (Gld),3031 QF
Mara van der Ven,Kapelle,1383 PV
Laura Beijring-Broek,Hedikhuizen,1075 IH
Jack van de Ven,Rafboulevard 8,8369 HA
Matthias Heinrichs,Wouterlaan 310,5715 FY
Jordy Kosten,Sint Anthonis,4530 IS
Maurits de Pauw-van de Velde,Luuklaan 729,1004 CX
Mohammed de Mol,Haulerwijk,9401 UO
Britt Risma,Wesleyring 2,8737 ZN
Stefan Geldens,Eagum,6371 NU
Ella Boddaugh,Harbrinkhoek,2660 FA
Mark Bolkesteijn,Demidreef 8,7535 LE
Jonas Takkelenburg,Alteveer gem Hoogeveen,7439 AF
Femke Goyaerts van Waderle,Sprang-Capelle,9083 EO
Quinty Bruijne van der Veen,Tzum,4158 HQ
Evy van Gemert,Jelsum,1363 VZ
Olaf de Keijser,Ledeacker,2373 KH
Kai Lafleur,Yarasteeg 3,1042 JK
Ayden Maaswinkel,Eck en Wiel,6427 KH
Evi Claesdr,Pimlaan 2,4405 BJ
Jayda van de Brink,Isabelboulevard 678,7046 UC
Naud Blokland,Jacksingel 78,3829 RX
Tijs VI,Hiddestraat 10,3858 DM
Loek Blaak,Toornwerd,7736 AR
Jari Overdijk-van de Berg,Megen,2057 JX
Myrthe de Plantard,De Bult,1165 XY
Michael Billung,Zoeyhof 93,1935 HC
Jan Velderman,Thomashof 947,9573 OR
Lily Schilt-Steenbakkers,Farmsum,3249 ZT
Maurits de Bruin,Xavisteeg 8,7625 BF
Helena Welf-Huls,Benjaminpad 02,5064 KZ
Aron Dubois-van Hamaland,Maraboulevard 490,3061 AN
Evy Stook,Doniaga,7228 UV
Angelina Le Grand-Vrancken,Ellertshaar,5815 UA
Noud Merckx,Miabaan 4,1546 ZT
Raf Manne,Lemelerveld,4120 II
Jamie van der Sande,Klooster Lidlum,6453 IQ
Ties Genefaas,Timodreef 4,8875 PX
Ibrahim Eijkelboom-van Orleans,Joshuabaan 1,1377 KT
Imke Manne,Demen,6412 YG
Nick Klerks,Sarasteeg 6,6987 DJ
Aya Ligtvoet,Castelre,1699 YX
Sami Carnotte,Kropswolde,4410 EA
Evi Flink-Geneart,Kommerzijl,8715 XR
Siem Klein,Ellewoutsdijk,6587 WG
Aaron Scardino,Oranje,1397 YV
Bo Soos-Huurdeman,Megandreef 0,1457 IU
James Coolen,Mook,7999 MD
Dylan de Wit-de Bruijn,Ayasteeg 4,6535 VA
Emily de Nijs,Brandwijk,6661 RY
Fay van Dokkum,Casperdreef 0,8450 UL
Fay Kirpenstein,Westerland,3828 DI
Anna van Egisheim,Angelinabaan 489,2981 IT
Indy Vastenhouw,Renkum,5122 NK
Pien Lafleur,Maasbree,1342 QU
Sven Jaceps,Daandreef 97,3834 OC
Lara van Vlaanderen-van de Darnau,Muiden,5404 FP
Pippa Geertsen,Koudekerke,3865 KM
Damian van de Velden,Kianboulevard 711,6806 EI
Lotte Scuylenborchs,Tylerweg 431,2986 BN
Liz Joosten,Lizzyboulevard 0,5706 LA
Esmée Marchand-Kathagen,Thijmenlaan 59,9650 RZ
Yara van Wel,Quinnsteeg 939,7289 ZR
Mike Terry-van Venrooy,Joëlring 7,9591 VV
Jens Appelman,Zutphen,8281 PN
Dean Kas,Born,3064 SA
Julia Hulshouts-Kallen,Oudeschans,1611 PR
Maya van Wessex,Laren,7887 PE
Mustafa Willems,Peest,8676 FG
Valerie Smits,Blokker,2974 AP
Xavi de Jong,Beaupad 85,5929 BH
Amira van Alenburg,Sethpad 42,5977 NM
Xavi de Werd,Naaldwijk,1295 PP
Joshua Bruynzeels-Bresé,Uitwellingerga,5632 WD
Pieter de Gruson,Noordwijkerhout,2096 FH
Koen Everts,Aldtsjerk,4521 QG
Jill Ferran,Matthijssteeg 0,2990 TG
Isa van Luyssel,Feddehof 39,8477 IC
Robin van der Stael-Diesbergen,Ledeacker,2862 ZC
Robin Thatcher-Jansen,Bierum,1476 SG
Evelien van Rooij,Schiphol-Rijk,5226 ZN
Bjorn Smith,Evapad 130,9174 IX
Ali Rademaker-Hehl,Mickweg 35,2486 HB
Féline Wijland,Oostwoud,9973 LF
Koen Jonkman,Zweeloo,7736 WK
Michael Spanhaak,Witte Paarden,1794 IO
Cornelia van Santen-Wigman,Lexhof 7,1296 KP
Roos Vos,Beesd,1564 FW
Marinus die Witte,Neerijnen,5886 OM
Myrthe Weyland,Mariaweg 97,7897 OI
Joey Romijn-Goedhart,Sennapad 054,6748 IC
Luca Glasses-Aertsz,Luyksgestel,3487 EG
Sepp de Pauw-van der Velden,Riethoven,6719 UJ
Merle Klomp Jan,Engwierum,6540 HF
Sil Fremie,Hapert,7209 YJ
Noah Le Marec-de Haan,Scharendijke,5391 QJ
Elisa Rehorst-Vermeulen,Goes,7234 CC
Julia Huijs,Bemmel,1819 CJ
Sam Schilt-Dennenberg,Benbaan 505,8724 SW
Veerle Bekbergen,Waterhuizen,2533 AS
Lucy Koret,Zeeland,7228 JR
Dex Eelman,Nijeholtpade,8880 OV
Jim Schipper,Koudum,7702 LP
Ninthe van Berkel,Bentveld,9769 IZ
Gijs Timmermans,Lottesingel 7,8991 BC
Stijn Mathieu,Vledderveen,5135 RO
Jolijn Fredriks-Overeem,Obbicht,3849 CH
Benjamin Heijmans-Cornelisse,Den Bommel,9074 QH
Adriana de Roos,Geerdijk,2328 WD
Sander van der Noot,Jolijnsingel 7,7373 HP
Thijs de Bruin-van Wel,Ashleystraat 958,3410 XJ
Thom Knuf,Catolaan 94,1179 WN
Linde Bresé,Jaydenstraat 01,2713 YF
Faye Steenbakkers,Asten,1383 BV
Linn Thout,Rikweg 540,8021 RB
Marijn Charon,Berathof 75,4264 UU
Merle Otto,Houwerzijl,1485 TG
Silke Berendse,Knegsel,1624 QZ
Azra Jansen,Ohé en Laak,4816 BQ
Feline Hoeks-Wouters van Eijndhoven,Chloëboulevard 45,9303 NY
Amélie van Susa,Raamsdonk,2569 HN
Joshua Jansen-Marchal,Pesse,5889 UD
Chris Peronne,Brampad 3,2139 DG
Kick Schenk,Garmerwolde,4784 KL
Vincent Beijring-Godfrey van Alemannië,Bitgum,2883 HU
Vera van Dokkum,Mettering 74,7315 VE
Ties van Vlaanderen,Saaksum,1019 JA
Marinus Elberts,Aydenstraat 9,3407 AP
Leon Bolkesteijn,Julianstraat 8,2106 CU
Sienna Drysdale-Elbertse,Nispen,4809 QU
Stan van Breukelveen,Ruinerwold,1276 VJ
Ella van Loon-Wigman,Midwolde,4679 PW
Joël Brizee,De Bult,2864 CS
Imke d' Heripon,Zoëhof 37,8206 PV
Jip Schenkel-Bruijne van der Veen,Epse,8326 NW
Zara Le Grand,Chaam,6805 JX
Tess Woudenberg-Latier,Wintelre,5167 LR
Isa Bloemendaal,Aminaboulevard 9,3632 NX
Aron Schrik,Ayabaan 2,3444 NJ
Lynn Jansdr,Faysingel 06,3196 MA
Saar d' Heripon,Nunhem,3043 RD
Julius Scardino,Strijbeek,1501 RQ
Mila van Formbach,Waardhuizen,6903 BN
Floris Glasses-Shupe,Teuge,7938 MU
Suus Boddaugh,Matsweg 6,8044 JN
Leah Pauwels,Tjalleberd,3220 WD
Ruben Postma,Elizahof 2,6452 BP
Jennifer Riem-van Breukelveen,Stanweg 45,6389 OE
Simon van Stralen-de Koning,Netersel,6636 RU
Maryam Bernaards,Haastrecht,5328 QJ
Jayda Everts,Ossendrecht,1344 EO
Jari Kremer,Ninthering 548,3708 AI
Joëlle Prins,Imransingel 20,7279 WQ
Amir Soos-Kisman,Meikering 7,7174 DQ
Michelle Reijers,Boijl,4691 IS
Jenna Jdotte,Benboulevard 84,1656 KJ
Rosalie Smeets,Masonbaan 680,6707 IR
Evy van Mook,Rockanje,9286 WX
Luuk Huberts,Isalaan 328,4673 YB
Jelle Schwartsbach-Dekker,Vlieland,1270 XV
Benthe Vos-Thout,Olafsingel 296,7599 JU
Teun Janssen-Bave,Nieuwersluis,5053 BN
Marinus Kalman-van der Pol,Lottehof 279,1664 CZ
Puck Huisman-Mol,Zuiddorpe,6928 HK
Siem Poncelet-de Gruil,Leonsingel 834,3698 VF
Emir Uphaus,Sylviehof 078,4996 SS
Jordy Hellevoort-Reimes,Ursem,3423 SK
Jason van Dommelen,Doldersum,9075 LH
Evie Geneart,Teroele,5110 HC
Lukas Kamp,Gelselaar,2019 TH
Fem van der Stael-van Heusden,Ommen,3987 KP
Vigo Lagerweij,Sterreweg 520,9483 SF
Jason de Gruijter,Siebengewald,9773 TQ
Lisanne Suijker,Nuth,3526 WY
Kian van Stralen-Schagen,Jetweg 9,3316 KU
Jake Nijman-Bartels,Valburg,1550 WQ
Bram Wensen-van de Wal,Eexterveenschekanaal,8598 OI
Nick Buijs,Simonweg 584,8254 DF
Bram Kirpenstein,Siennadreef 261,4471 XG
Jaylinn Kramer-Cornelisz,Zandvoort,7603 AS
Maurits Bosman,Wieringerwerf,1247 MU
Yusuf Beernink,Merkelbeek,1373 PZ
Naomi de Boer,Oosterwolde,5386 OR
Rosalie Kuijpers-Lamore,Sarabaan 27,9347 MZ
Robin Aeije,Wolfheze,6604 AT
Thom van Maaren,Maryamstraat 24,6765 QC
Jinthe Cant,Amirasteeg 0,5954 GN
